0,1
484.891555,-31.00635705
489.3911782,21.97391563
462.8865749,-27.59988885
517.2184791,5.588089596
455.6690486,1.982180847
455.7422055,-25.12680127
476.7753355,-65.41434818
417.6209433,-21.74646679
438.8158414,7.686687219
441.7726419,-40.97385128
512.7757162,-2.243276157
470.6052963,-35.07904282
452.0014823,14.12298348
433.5369972,25.19653883
449.7618216,8.303344165
449.4243101,75.74920296
466.7454785,-8.425750731
491.4820026,-10.19711706
472.7072101,-29.24152367
426.2117692,38.57245386
487.8078129,40.92322798
461.7612644,29.86203447
420.4323996,20.41006502
450.5067092,76.82646135
474.152719,-4.673972141
473.0654912,39.76611418
442.5146376,72.76701102
493.2121529,85.44993306
436.5460768,51.32651054
471.0815283,92.95701111
446.1700316,61.20496473
426.737477,33.96879153
483.6662268,113.6185052
456.4737581,106.1095419
468.8074617,59.71802806
468.1053046,128.2764775
455.4744743,132.134023
377.2235133,112.9065736
457.6747103,82.32939488
457.0444039,34.71787614
446.9105872,108.09874
497.0276408,84.8726466
427.6070311,88.39828335
478.4758993,116.338501
434.2540367,124.893576
452.173221,141.568981
427.294433,105.688219
435.6690278,74.61534234
455.3732791,129.349293
445.6816618,117.4708832
402.0869502,114.8739001
433.267717,106.4034868
437.6929662,145.5655405
498.080845,141.6471066
448.1668962,137.1355826
381.8037924,141.5260453
440.0818497,219.1644235
431.3936423,157.2523596
434.9942031,116.0773422
469.1729274,176.6202673
457.4535351,129.6979792
474.6224327,117.8340159
448.9420827,228.5056649
400.3998339,148.6979015
431.8668538,153.4696757
381.1006834,173.5101071
394.4766823,188.5323103
397.4702583,223.6858226
400.2446135,170.3810187
446.8190428,145.9637163
427.8907777,224.9423055
371.4781287,194.0968991
426.1170022,214.8338017
379.8121907,154.5779097
431.1615091,205.9047901
421.5830099,210.1833766
392.214914,209.54315
419.9377874,183.9214235
465.6313904,222.3340895
372.4142351,230.5734453
377.3907773,237.237601
439.8497447,191.7432012
432.4366345,231.4759805
426.6235134,278.7153903
393.00937,201.9086229
372.0778952,202.7454583
394.8256646,240.1432306
403.7979649,257.4028125
394.2290248,278.8616145
384.2242578,319.5184725
409.2423116,214.8458994
356.6372451,257.6713458
380.3353332,267.2429501
399.4950783,246.2529409
358.1364756,205.5962722
368.3708503,279.3264384
386.398867,218.8438994
383.3650531,270.3458731
349.8313591,265.956993
376.2547587,229.6035172
383.3875637,283.2519459
403.2750297,300.5665531
327.5671387,243.3300196
382.4462573,289.3787274
380.5289368,392.0354715
380.2709314,312.9967758
389.8154582,300.9356278
349.7730734,306.6147573
334.0667737,279.1805228
340.695715,291.1682191
422.6862604,235.1083708
371.8090612,245.1465046
335.0230017,328.5853806
349.0540909,265.9605345
323.5964235,321.0438651
321.0595738,309.4996914
342.2380416,285.7947778
403.0748814,326.6839747
275.8733955,315.5703188
314.6307198,337.846553
308.5509429,311.1148109
345.3041308,342.7993087
291.9593493,309.0476724
311.5194793,301.7251079
376.5170178,335.7028419
283.4984663,353.303697
382.7473954,358.9421993
271.2455539,315.6274903
352.5642387,311.0964811
325.5881358,357.7233353
282.1687752,334.8419124
210.4283839,308.0249294
297.7657437,303.4373909
351.9782728,300.0663314
287.4545981,348.9777521
341.5310765,304.0498258
330.8117752,349.4879495
264.0827213,365.0843597
297.0981175,335.2399971
290.8060574,343.6972135
289.6906013,377.1154503
331.4261851,322.0966858
345.3848915,302.6327713
274.3762537,380.7937323
284.8832829,346.3965206
267.7214813,352.2051713
253.7838281,394.3852827
279.6629561,349.9962046
293.4164063,381.8729285
288.2784897,393.3973624
236.4753895,359.541651
281.2051599,396.4807333
255.589015,383.4958762
291.9644214,364.0191571
267.4546104,377.4745076
241.9073721,418.2612552
270.5854258,411.4445059
282.3615376,389.3941353
261.0192152,381.1642885
247.6383881,388.2596711
238.1654711,411.6936788
208.0406945,458.2688592
199.7281499,360.7130575
261.9630931,422.5132089
243.2443024,419.2213788
221.4441976,375.0440775
221.3666894,383.2204992
245.6172628,400.6801559
188.860147,396.9896522
223.2647807,391.2416034
183.45249,416.9687714
212.7009632,395.937318
188.4443899,419.5771538
156.3474001,371.8443112
175.4419232,409.0998475
203.518835,461.1813986
217.1089042,413.5223625
187.9873971,389.6267448
185.1726288,412.4072205
192.5712026,397.5965979
195.6232596,469.7243797
173.924986,437.104337
195.0288571,414.3091795
178.1759923,427.9983583
171.5042283,405.6870193
166.4221386,445.0558724
206.3263044,460.1144947
224.4850215,409.5181765
183.149222,439.2228368
219.7563643,410.6392944
125.9460281,418.0537769
84.48906763,421.3918206
122.4931802,442.786757
152.5741409,495.652054
167.8816753,423.1332748
109.4573321,456.2528431
93.83701862,497.4753006
165.8550085,429.4738829
76.09922395,485.1642437
121.0723018,482.6627475
73.68480505,428.5084201
118.6781018,448.8416902
102.0161193,467.0415237
80.48101835,444.98951
113.104422,465.5800079
127.8244141,417.274573
57.42756954,490.1921438
110.3901735,430.2362233
143.9199221,456.9709829
129.7238591,456.317135
153.1220531,507.7235235
80.78057406,484.962995
104.5559918,497.6082022
53.18767666,477.8449802
110.8243553,405.1961964
40.50579958,397.4570965
64.84909935,480.8167198
114.9257018,462.1503696
115.6332004,419.142215
12.58918411,459.4771944
72.12484528,460.7417601
-4.511733514,459.6085661
15.28263734,482.912474
62.31652998,435.1465785
32.801225,432.0677646
43.23242164,492.980142
12.43360989,479.9094548
22.98741679,441.4445279
32.57126875,434.5965459
16.05713762,430.1210139
88.49033403,467.4992088
5.436427197,473.2250526
19.93573565,460.5213072
38.60585843,490.2007398
1.139122231,450.5064351
5.674047361,399.0091696
-34.66042608,509.339192
57.01243417,461.1083689
21.82672175,478.1437578
93.76168402,502.6006116
-5.578260503,440.5345618
-53.07123052,475.4723874
-30.7064632,426.8488561
-30.55209519,437.1982962
36.31962859,496.2024729
-17.67413152,514.2404188
-18.25473091,444.0726502
21.97674226,486.1278234
-57.97581265,464.2799701
-56.2685476,428.5160081
-5.356245557,527.2726296
-78.24004716,486.8495992
-58.94349693,455.2974147
-60.33686545,443.9223716
-44.2497307,444.8247767
-40.73138656,468.137593
-59.15250056,442.2895575
-72.42529901,492.0302151
-43.23175161,439.8741177
-58.4152906,491.5549779
-114.6121713,485.107059
-87.54211553,485.6974102
-93.69308048,414.186501
-122.7518714,469.509353
-69.26248161,440.6514835
-61.02308366,417.6299066
-85.2879711,430.8199092
-105.9832757,468.2276154
-115.360981,454.904636
-62.47783251,448.7505946
-70.71141618,431.7626099
-83.00102,508.4777715
-176.1547263,440.8812016
-87.80063074,458.2345108
-97.08285632,445.7246147
-108.720889,458.672655
-79.38326051,470.4549229
-107.3834496,449.9258583
-135.2310685,448.7458569
-111.857093,448.5140909
-118.0814883,522.8072827
-103.7212492,450.1468202
-96.89488672,447.048191
-197.147291,428.3914725
-195.1953783,447.4129764
-141.5828291,507.5565558
-135.3868921,449.9762396
-123.3673311,389.4818072
-144.2311787,478.1892541
-198.702531,488.6042019
-147.2304706,441.0421065
-141.4372972,520.8116052
-157.995007,459.3084567
-180.2567947,425.5185047
-144.5854785,424.4643281
-170.3626441,434.9311711
-161.1486886,458.3658889
-147.3945925,432.1317804
-189.6138829,417.1267593
-197.837295,456.8472729
-164.7836013,416.8831128
-164.3836273,484.2182883
-181.0409677,498.835412
-219.6234482,404.1556268
-252.7305676,485.3217138
-182.6904919,437.6993887
-196.8681013,404.510272
-134.83338,441.0411067
-207.8558395,457.8085549
-199.6319994,441.6047637
-240.6938365,447.8666274
-163.4288129,472.9012048
-174.9963973,415.9998996
-255.374978,426.3423161
-226.9021979,461.7030584
-282.2271567,473.5070959
-239.0647743,413.5393616
-267.5509218,375.4072852
-215.3477467,425.9417513
-281.5884728,383.5611631
-255.8015638,471.1376254
-256.3456239,374.6083372
-258.7514074,410.1388113
-335.0982073,415.2918661
-263.9232858,436.389453
-204.3212475,447.8651753
-270.6421998,379.4198784
-188.151172,412.9221662
-267.7012231,408.9344025
-264.9342942,403.8225277
-290.8349231,390.2254592
-277.3462689,388.7891342
-300.4779262,406.7282574
-289.4609173,447.0814983
-364.0498021,433.1162191
-249.8372111,336.5616211
-300.1892991,385.9954899
-334.8126658,372.1627403
-328.5728675,446.4070813
-269.8430457,430.3106156
-278.9104641,356.600738
-318.9327814,403.4452569
-342.4867696,408.4291697
-315.6475702,374.0533254
-289.7128899,396.8681865
-324.4634595,416.5461929
-348.6479626,398.4541229
-300.993314,368.8832322
-311.5612492,338.8136749
-296.1718156,368.9614331
-342.1101007,404.1242196
-350.0828022,328.5296535
-378.1636461,387.0775183
-372.3780294,419.6390248
-398.9114091,415.9711972
-332.5992825,360.2428227
-357.7414628,373.1694887
-344.9747217,392.3302072
-342.8582515,361.7605829
-359.6203612,353.5482527
-341.8922735,301.9414516
-393.9735434,373.5191783
-350.7908995,343.6614576
-357.7398599,357.5531415
-376.8487231,321.7063931
-357.1305761,313.6193894
-353.0952056,289.7933782
-336.7917349,352.9344832
-362.2957973,366.1084026
-322.3093196,364.9154157
-429.7831311,293.9392561
-395.5712102,330.937244
-363.5529389,306.1959271
-375.721982,303.1063506
-401.8989247,281.3535577
-413.464836,280.7744467
-417.2444391,350.6919634
-418.6364791,395.7981149
-377.5270281,320.1019879
-420.2350471,333.2828493
-413.8968079,313.6369838
-321.9540225,304.7846071
-366.3926866,284.2474955
-404.0202274,356.1299528
-423.8645465,355.0293894
-385.8931323,281.4188746
-390.2087255,325.0934961
-392.5669566,246.4212392
-435.0606187,283.7007675
-417.4896243,307.3321578
-411.9205001,246.2247502
-407.8252153,302.163253
-404.4016919,313.817312
-398.1265514,292.7052089
-427.1824775,226.6246988
-414.1066527,280.1957795
-420.7498547,233.1623136
-463.2151886,300.5470771
-433.8405975,286.873431
-433.6589459,264.7853103
-408.198568,245.863898
-435.2860021,244.918093
-453.0109415,246.9408991
-435.1022857,239.2720159
-405.8676034,224.2034699
-450.9040989,235.2458765
-403.6298803,251.7195786
-417.8086838,198.6303622
-442.4607832,267.2495499
-449.6954431,269.8778087
-469.3576215,277.5360154
-386.5302972,221.7021582
-470.5037915,273.5102056
-411.3761637,211.5339661
-472.976618,216.0671696
-502.2952239,194.2520424
-493.6595736,196.0586257
-466.132424,223.3901128
-420.1162126,183.6744416
-438.6236681,204.4571717
-471.1420664,228.3636866
-504.8272739,216.8242585
-467.6220894,217.349077
-465.3931651,273.4489345
-494.6354616,181.0653412
-495.6149279,177.5272945
-497.4421322,227.0496115
-437.0874983,171.4354945
-506.0376469,199.8704895
-498.9802176,201.8776003
-477.6545216,134.5705408
-438.6278293,231.0641207
-504.7294544,162.6934906
-479.0446246,181.4869216
-469.1209847,228.8800815
-495.4243405,141.7379161
-532.7159468,140.8640949
-493.5324126,213.7262837
-509.2509156,163.6932414
-495.3809298,189.7140745
-420.2275835,135.2116202
-511.8476545,179.5307657
-477.8181987,200.6683799
-481.8490833,131.5426989
-482.7207396,172.6300675
-476.8808025,151.6279932
-470.5312969,168.5228825
-462.0843828,149.9331015
-509.5616149,131.8946704
-469.3329892,100.0004271
-495.4294715,109.7174704
-506.5699277,156.8743467
-502.6230537,116.9111799
-550.0565787,134.8972382
-490.7823174,174.3931947
-520.2471828,113.0504776
-504.3803286,150.7745931
-515.5496854,108.7913989
-495.2638486,102.9836365
-527.684589,100.1676434
-482.8543457,60.50415642
-511.8267762,67.24587406
-480.6978566,39.49910619
-534.0310918,93.45173673
-470.9926601,77.09911287
-535.2900476,132.438267
-562.7308692,6.967125686
-506.7270927,54.79336353
-551.1822432,88.02542744
-513.829604,46.76829837
-560.1317345,86.77660166
-502.7761319,54.53625357
-467.4231877,22.31417937
-569.1087272,30.5613405
-525.2117508,55.517416
-531.5629541,55.67445646
-562.334242,85.3183294
-527.6952482,72.41402029
-515.3720551,49.48477612
-508.9643323,46.09787358
-507.1596195,69.42315595
-520.9100202,47.69830516
-529.842466,66.5090936
-547.7672776,74.20907041
-528.9857208,-25.8690964
-524.2236721,-6.505951449
-503.1136575,-8.783413595
-541.9649531,-49.02281916
-542.3754428,-68.18636694
-576.5304489,24.20769945
-505.6267703,11.02299409
-558.3777626,-6.309181594
-529.6245435,-42.76688152
-484.5427873,15.16596005
-536.3822054,-13.48804529
-523.5906104,-78.68699833
-537.3264977,-41.03530758
-560.0091224,-32.14998884
-476.0595346,-7.633142179
-547.1353697,-12.82251656
-488.0094673,-5.402561495
-528.171611,-55.69112327
-508.9644768,-27.6196583
-502.986298,-23.50989367
-498.2666987,-61.76243589
-490.1229144,-42.91710319
-467.2586412,-72.6596937
-477.2895642,-49.18483559
-548.7433152,-72.77584226
-538.6237835,-48.67028137
-513.1211885,-81.74101298
-529.3100879,-3.395292006
-476.5066689,-57.70559569
-526.9267002,-70.32465847
-509.3754431,-107.7379336
-535.1968046,-130.2383796
-515.1737015,-63.88969895
-541.3012491,-39.20858954
-563.2142722,-133.4798265
-519.3237961,-61.2536677
-475.1359848,-109.5487074
-492.8702878,-100.0503994
-529.9668783,-75.49559315
-504.756186,-152.4045593
-479.5479598,-66.8144919
-542.1098531,-99.44447659
-508.001392,-106.5965094
-538.7913219,-137.6602305
-522.4892246,-85.42101124
-504.8356207,-134.8090873
-497.3942974,-212.2310126
-485.4645552,-182.0464036
-530.1636804,-166.5214012
-557.4745061,-101.1787513
-531.989417,-128.6765042
-518.6710538,-127.8241557
-514.2445988,-183.6844801
-485.9278619,-163.062196
-561.7607552,-164.1430702
-469.2687868,-128.8382913
-523.9603079,-167.863094
-522.339871,-98.11831364
-500.4037756,-150.5497452
-480.1053322,-159.312293
-517.9181072,-175.3860485
-511.4089323,-173.6262983
-486.5271395,-173.9597068
-485.4530701,-180.9422882
-504.130615,-241.4636554
-478.0384279,-174.1138429
-474.6077692,-274.3809212
-440.8979114,-194.6594937
-469.2860531,-224.6411926
-483.1120508,-228.0122392
-519.1534533,-141.9480195
-505.0874008,-195.7984754
-472.1729115,-190.3967035
-492.6519041,-197.2571093
-423.9330887,-212.8662473
-488.8552715,-182.5426445
-460.5567987,-181.3686937
-473.3766968,-254.1796951
-442.333424,-257.1823579
-481.0368597,-248.3151089
-490.8014632,-218.711073
-477.9798698,-218.7955952
-437.9344556,-220.7185083
-492.3776844,-208.2651754
-448.0580976,-276.8710987
-464.4915241,-221.8544635
-489.9938848,-204.4568184
-484.2042934,-244.7905897
-483.5126731,-250.9117441
-509.8089647,-297.3931345
-427.6681102,-282.4040903
-503.8099949,-324.3916337
-491.7845081,-302.2682328
-421.8851584,-235.0574534
-490.3026655,-200.5460277
-438.7003754,-280.6217786
-541.6133989,-204.8967857
-506.7790513,-325.7256332
-432.8582376,-205.8999805
-420.433524,-264.8943272
-442.5283833,-258.9182411
-435.9954704,-278.7840242
-454.0126827,-291.7864651
-478.1161786,-301.0075673
-504.6276725,-298.205781
-481.821696,-331.021077
-445.0754666,-258.8005575
-421.2145218,-350.3121915
-476.7280609,-277.5997997
-474.7725714,-315.1768027
-427.0387242,-340.0920226
-438.6050336,-353.6552394
-458.017084,-306.6226048
-485.9594374,-305.5721096
-436.9362162,-304.7705412
-427.7910732,-282.9684132
-428.8972078,-339.3105763
-427.1145673,-312.6535507
-427.4314177,-330.2470201
-448.05495,-353.8521764
-467.1556643,-283.9662245
-460.4601131,-359.7169625
-442.7476233,-314.5461589
-428.0796411,-306.4134185
-437.4562488,-337.9152561
-440.317033,-284.357521
-448.874456,-341.8317053
-392.2079491,-341.1140079
-414.7395874,-359.8114836
-405.8113462,-362.7029379
-376.1391613,-294.3402426
-419.6953263,-404.1000231
-403.5193478,-287.9515081
-422.8667957,-318.4928999
-346.2966487,-386.5843366
-377.4148213,-323.4216543
-403.7003973,-380.664315
-407.6049399,-407.2693548
-407.4465679,-415.8009175
-384.7453346,-404.4241818
-376.5398132,-430.23026
-371.3985779,-360.7619698
-438.8947788,-376.7465444
-339.9965831,-426.443743
-324.3797326,-379.7559948
-393.4239086,-396.157386
-353.226882,-394.3475114
-351.5037243,-426.3767665
-360.2619635,-443.2823213
-366.3427156,-430.087802
-382.7218309,-367.9727396
-325.5535743,-388.8515467
-388.6862456,-418.6732111
-317.1350498,-406.9697481
-281.5464404,-401.4469682
-342.9505214,-424.5301153
-342.2788538,-421.8256252
-322.6024203,-390.5300813
-364.9735741,-461.1323939
-394.0159677,-407.9044763
-369.554525,-489.664224
-322.3077907,-352.2052138
-331.6468982,-403.7424965
-326.4976108,-433.750182
-298.8561156,-441.3621792
-315.8708567,-424.857563
-341.3879534,-406.5858117
-324.0351444,-460.8419801
-300.1207675,-466.9300941
-312.7890398,-442.0398687
-278.464822,-429.2993402
-309.188617,-420.7649606
-264.1167088,-430.3049076
-302.8865948,-488.119107
-332.514036,-459.6290323
-316.1987636,-457.7731018
-293.5560944,-437.9481854
-294.7022783,-440.9021916
-287.9744389,-516.4027128
-315.3998287,-463.0859548
-320.8115502,-442.3731516
-235.8890758,-425.398853
-285.4958388,-418.8135665
-271.9036471,-475.2044565
-292.0271428,-475.705318
-282.5221416,-463.0408534
-263.3018824,-469.5667745
-252.243821,-435.426225
-234.088915,-517.1625947
-336.4075644,-446.0386271
-298.0016108,-482.2462242
-289.2949988,-530.9801252
-235.1352337,-455.5458636
-265.8531953,-557.4338945
-262.1153563,-469.3128595
-287.2569928,-476.9127286
-240.5021597,-466.3634673
-233.6003794,-514.2450536
-198.4273923,-491.1016809
-232.272354,-515.6186251
-241.8724129,-515.4213943
-230.8752152,-438.7646693
-263.9490304,-539.7432119
-175.7544379,-498.8183137
-237.051785,-462.525436
-232.2307425,-440.1079515
-190.7999072,-510.6728985
-143.486693,-515.3359189
-183.0042989,-489.296166
-163.2692229,-452.5215929
-198.4088357,-523.0429206
-182.610608,-521.826729
-133.0423974,-498.4354777
-201.4314514,-498.0087433
-227.9070485,-533.6964937
-148.4960799,-525.2350865
-212.9249643,-490.3900882
-142.9496661,-485.8636731
-145.6366528,-531.0598784
-215.1639512,-464.220885
-179.1759482,-517.6718333
-126.6301435,-494.3269355
-149.7743615,-446.9117688
-179.7263001,-484.8556156
-155.6749691,-505.4429755
-108.4908908,-499.0565079
-135.150733,-482.8880781
-159.1980804,-540.9921565
-176.5389892,-575.5399532
-80.44916658,-550.3596874
-145.7092294,-526.26278
-126.781354,-494.1619454
-107.1170997,-536.7827753
-134.8686417,-511.4501277
-134.2354678,-472.3248914
-108.9614087,-499.0972918
-100.7164438,-486.5183868
-112.0808827,-561.1871257
-102.4260838,-542.3630044
-127.177083,-505.7520515
-71.06874038,-523.206023
-95.84780418,-473.259424
-94.78279589,-446.7375659
-81.92985597,-578.0535956
-73.18193091,-514.219064
-53.97403416,-505.8619101
-93.70225957,-563.1702494
-92.69889016,-552.3212689
-100.7212806,-509.4930431
-30.0837223,-515.6353626
-112.9306485,-514.4429023
-38.02665368,-546.3602917
-74.81582078,-527.8923182
-91.21035216,-509.1310371
-68.15845732,-516.2202799
-88.0200251,-542.1371132
-36.58782651,-540.3857696
-3.313243553,-541.3575639
-45.24351739,-501.5387424
-91.39606332,-582.4690007
-91.47506898,-491.8757571
-59.1207921,-453.0961161
-56.35164782,-524.3746371
9.980278635,-469.7777355
28.70353532,-493.7391435
0.7218757743,-512.2241915
-3.507595732,-546.5257019
-48.26294656,-530.0617558
-25.68131882,-543.5080177
3.456671145,-501.1829384
-11.64241387,-485.4273778
-45.40558209,-535.4545201
-29.52061046,-585.5125659
-7.358261485,-533.0209036
43.66275954,-510.2764245
-29.33034497,-473.3905872
41.16102372,-511.3433221
0.8688797985,-557.3626272
-0.3708974981,-495.6705054
70.46318745,-481.7694987
2.388674006,-561.3695053
24.40744483,-580.5286895
33.00060856,-531.5784728
12.44709738,-574.6467473
44.95658324,-542.4223275
-2.430888289,-612.2252171
34.95673239,-472.4862676
88.73292178,-538.9436005
23.93902947,-510.7248316
15.16123138,-515.2721154
71.19964087,-487.0361736
48.3139603,-529.4531846
28.07724475,-547.6287082
50.71716273,-511.2612021
88.0104206,-545.817971
108.4713144,-529.2773334
66.13371519,-542.9616091
-2.872217551,-493.4061643
95.0366213,-527.7302789
78.01327648,-503.1558853
32.19524499,-533.8299613
105.9633209,-554.8921191
94.0014513,-557.2467096
102.242398,-516.8851109
42.84566092,-480.1211176
72.30719628,-538.5991537
103.4024388,-479.0416234
69.94609858,-510.8404239
116.3154897,-491.0686709
111.7692144,-522.024671
84.6678464,-507.5625263
80.34546088,-596.901409
128.6148775,-481.2379805
47.63281772,-537.7241935
140.0922626,-444.7648067
125.1323084,-527.3683464
122.0063666,-463.3017799
111.0928795,-527.5249127
118.9617092,-531.1313958
140.0898817,-452.7549142
149.0613383,-508.0109895
133.5671235,-546.2626531
171.7604534,-500.6100593
142.7915419,-401.3712442
160.1002706,-518.5892877
141.2715485,-460.4348717
160.3777152,-536.870916
187.4664158,-512.582926
218.9909294,-458.934928
152.2671765,-451.6854328
170.6096106,-463.2941026
185.9952024,-513.011286
155.0180424,-455.4469692
167.1445305,-497.1624392
151.3891868,-471.0342403
244.7653934,-514.4395137
186.4546065,-438.700363
186.1686416,-466.1314719
159.5073097,-465.4713055
188.5772801,-447.3488122
232.6168314,-397.8163528
217.1789255,-464.2943349
208.4070681,-483.2106445
215.5064814,-480.0076555
213.1729311,-430.130229
180.6805601,-433.9569832
253.1385149,-470.1732832
152.7080238,-483.3265369
258.0023891,-464.2213925
191.8325338,-477.1049562
249.7393087,-443.9690065
220.0518039,-469.7680605
218.1559268,-484.8110214
281.0485857,-465.166855
271.7703478,-408.1994865
267.8627244,-465.1125721
252.6725288,-451.1981593
216.0861175,-439.0332416
210.4517416,-411.4088352
234.4992893,-439.2631599
259.5403251,-451.3074363
271.2352886,-456.0134085
282.3549817,-480.3554451
262.5777391,-380.0017554
231.3353001,-456.6794313
279.3098616,-429.1210437
276.9473131,-417.978329
287.9941356,-397.4924972
283.7593306,-436.1349494
294.1423599,-369.9987413
272.4745144,-454.3133853
312.1422266,-426.755651
216.2138039,-395.772755
267.7858351,-421.9471493
296.2444909,-411.5365397
309.9955494,-428.3212125
306.5195005,-421.0329037
315.6922952,-392.760231
267.8537016,-376.6014942
282.2139745,-382.8839564
311.6745521,-349.9100245
296.3019542,-413.4500766
304.7602001,-409.9662799
331.6646611,-447.2458769
278.3662168,-428.6617608
340.7827807,-343.1659125
311.4234276,-397.3912168
318.9282178,-355.2981634
291.2621155,-380.817172
350.5809138,-370.7350135
329.2408391,-353.5220078
244.6708698,-360.9887253
308.345971,-434.0016964
345.4905904,-335.6168966
328.2031097,-345.9706678
382.8526615,-332.8261194
385.826609,-347.7128646
341.0195678,-415.7253784
333.4890117,-390.6401861
408.0988542,-368.2825081
348.751679,-344.1113714
348.4337638,-307.4413467
330.5014768,-350.078639
328.9471379,-393.1286561
334.8934307,-352.2374305
342.3775547,-369.4846243
315.0620062,-348.7782481
314.0895396,-321.0440017
363.6685979,-385.1204352
353.8679438,-361.4944987
374.6527415,-296.2400134
310.7400252,-330.5143665
364.0932359,-311.3245686
377.1793913,-351.5115715
363.0823248,-350.3091858
406.7887113,-323.2532767
433.3828028,-323.1650642
356.9174224,-364.1977835
325.8818644,-363.7401411
389.7800983,-298.3727239
336.1045661,-284.1905395
370.806118,-304.0340179
435.4058357,-278.9177558
380.7081006,-329.9329401
325.9178291,-322.1352256
385.8300556,-327.5287833
389.901259,-292.9500357
388.7515614,-312.0873924
402.198356,-276.6504518
366.0513558,-244.8917955
397.4133695,-283.9552192
423.2081413,-274.8151169
432.1294496,-270.4788277
386.7187561,-265.518565
372.3194412,-270.3682717
407.1564403,-277.1203428
405.8020298,-324.5745732
394.683866,-262.566619
417.4113474,-293.4057933
452.0394596,-285.7751758
444.5869781,-244.179419
397.5338928,-200.9322813
382.5114134,-223.8044903
449.7200953,-268.6764896
462.8409387,-253.2294183
431.0743351,-235.0799906
419.71295,-215.718616
448.857647,-289.6437497
465.476001,-284.199297
458.5969724,-197.6520638
396.1483199,-240.898374
396.9447836,-232.1344643
422.0953414,-199.4021802
471.8478658,-178.0190334
416.8575359,-223.2562591
384.3850972,-238.2383783
464.9811052,-162.6701986
400.1340051,-225.9798671
437.4827707,-196.8623253
415.0788232,-189.5996303
426.2252041,-199.8025282
457.8837954,-196.2171042
429.4399609,-196.7323089
440.8982637,-201.5721358
436.7841906,-139.5338447
462.3558416,-193.3729067
467.3983029,-191.5322195
482.6260115,-167.431525
445.1369615,-162.0865756
402.1346099,-206.3126553
414.3290926,-165.2072602
502.9892858,-99.53696337
471.0033722,-148.4256604
398.6590874,-176.7009671
429.8672313,-176.0107908
449.247266,-168.5076609
395.6843039,-128.8623077
423.6335757,-141.0720926
518.7717356,-172.7762511
381.3548107,-150.7155071
490.98717,-80.32119707
421.747574,-121.1025783
445.3311385,-136.109755
539.2578266,-174.9441001
468.1574486,-112.7439389
493.7172151,-120.7511627
470.9641187,-132.3523388
470.3559755,-127.8072978
481.4694543,-125.5050324
474.6559839,-112.196467
497.6256778,-109.7590442
411.1348983,-67.25514954
437.6160903,-121.6183814
447.360874,-57.66200255
401.5835891,-1.649723536
497.7390549,-85.96944936
464.7944823,-80.9819578
482.4393281,-67.07172486
483.8185292,-80.6181567
461.5553559,-84.71905594
461.9337339,-43.04105375
485.8735062,-162.1372573
488.0099873,-64.95321994
468.0181874,-79.31895636
502.5296348,-36.10421899
445.8270342,-49.18369115
440.051073,-99.64781218
450.5669616,-29.25035492
498.1102187,-36.59149656
491.3976099,-33.35974272
450.5088323,-32.7477032
493.8543804,-19.93630783
505.5785773,-18.17510444
480.5039683,-4.178512792
469.1944927,-59.59781152
465.1079911,-52.34707934
249.7325666,-31.64280258
246.1790627,-33.85354775
213.0827995,-15.52378393
269.8428214,-43.74379814
289.47529,11.58655323
221.3382409,-36.73279033
246.333748,-39.35993717
294.1111228,-14.29094313
261.0861834,-65.90707886
287.8548291,-40.28595917
270.3368537,7.893934799
309.0811667,-37.01353392
177.3745479,10.44241739
321.6497458,44.76836066
273.574711,-4.479105824
291.125173,-16.26964103
280.8048733,30.76415564
297.8991931,101.0494841
277.4202751,5.646517959
264.4116472,-29.50520871
243.8447813,13.93592123
248.4470797,33.42783741
238.9569896,65.12616616
263.0719984,33.84933686
252.6415322,41.4120007
286.6203445,13.36492901
241.4894098,32.88402022
220.1988206,20.02923036
245.6069551,73.44379573
267.0656981,55.61875101
283.9877747,48.28240319
269.4235184,51.89276836
264.8960003,40.08567793
182.9730543,56.11202432
297.999399,90.49156038
283.4352779,102.3462501
256.2665603,73.73135466
234.1879053,60.87137231
270.2784484,109.0036804
246.6870729,61.90676928
249.9288182,95.96545679
205.6173013,11.55193721
231.4143336,46.31520683
231.6613343,80.99328482
232.2608795,131.4815355
254.591241,99.39305587
262.3635395,58.67544848
273.7570548,93.0192334
261.5625343,65.57807048
193.6778974,124.7018115
250.4037141,75.52442227
211.8206221,138.7591775
201.0056591,156.6756112
208.4254088,128.9353995
224.3201053,130.2562217
216.5685839,109.642315
232.8117431,86.81433792
252.4799869,103.8255802
222.0473795,91.72150905
150.6646283,118.1389503
298.5216128,149.7133079
224.1532141,120.5812677
223.9723544,147.1616119
186.4209377,166.4447842
241.8334156,156.8146662
232.0327303,138.0982399
237.5507258,157.4913141
205.2101682,124.7423115
217.3337733,190.6205901
175.531886,102.3098177
216.0553833,150.0335899
214.7008418,157.982556
201.1732621,197.5023088
158.1917837,130.0792122
201.4518019,107.7512762
197.5854572,208.9887932
201.7805675,168.1482241
161.6232899,144.8034567
186.4281169,155.8143747
234.3707537,184.1123496
160.7969306,176.7966487
207.2884929,205.6097988
237.9413185,142.9400974
164.3648629,137.636796
179.8178634,191.3095459
214.5888954,176.9782237
173.4865154,185.7305946
156.1235678,245.7681028
131.0269236,190.5110773
238.0269813,187.0424545
169.6629607,177.9672255
167.9811727,231.7105522
105.0494703,238.3448515
126.6827908,186.1410995
154.5042852,213.5780379
117.4020971,211.5491883
224.0235876,158.5330127
166.918382,181.2945075
171.9213044,203.4355226
137.8023333,219.1856133
209.0645663,200.4917893
174.3991439,169.071141
121.9708688,223.6727802
193.0304397,221.7809585
136.9438348,212.6838405
106.6377536,232.4135442
168.4203565,202.2686796
125.6356256,225.3412356
124.4081481,216.8944797
198.2607481,212.9612051
122.2649288,202.419068
153.0737976,217.8616525
108.9868014,264.3701464
168.7632694,208.1304432
67.87358468,257.7600488
101.0130955,252.624145
60.11887264,257.0331767
80.54480371,253.5070914
114.9542943,204.2738214
99.94950935,254.7682133
112.9604753,252.9764203
166.6886402,189.7607676
153.5125112,241.0411927
75.62244745,199.2020195
94.49151001,267.9401637
93.90731386,286.7827636
51.75689129,242.2210327
55.26863869,254.6062816
116.9854468,232.1660442
9.781093797,251.8267762
98.52885094,259.0343829
120.0100454,215.7988287
100.843849,284.7081711
24.5716268,259.5025342
60.28705229,248.424781
83.3174418,237.1884569
50.08231562,253.7420347
35.19450527,221.0320787
85.64352689,220.0095323
82.69447334,269.1946937
8.366197323,235.8106295
93.39171975,227.5001639
41.05729308,271.5713997
75.90527212,250.9146693
31.88574783,301.8599541
99.37911022,289.2593228
47.16651043,236.3269767
17.08246888,276.9083276
51.93078211,303.9153544
56.26978296,217.3859646
65.68677503,233.1239676
19.97610798,271.1355938
88.72721594,357.4672884
44.41608615,259.1902767
39.60223789,291.8085394
11.29539796,319.5041367
25.16180566,281.0251886
35.57777843,279.1617386
38.10495998,248.3938995
-6.479072873,234.2803015
20.78500699,291.0025055
18.66011704,318.1946856
2.083197488,288.3236584
-33.17839962,256.9258837
17.7579254,294.2653515
-14.61021636,266.8736511
-54.01237137,258.5160016
15.54865076,286.664169
1.168924665,271.0582475
-16.32865614,249.8882858
1.733713396,282.4358454
-7.162029707,254.1101942
-89.21498946,302.8662417
-41.67236614,244.1046419
-9.195632643,258.2396208
-0.8946660229,288.4980933
-14.87821844,228.972989
-1.719085292,277.7287554
-51.84717497,274.1083111
-96.74650609,281.9575043
-77.03009827,228.9849283
-94.50793145,302.7886698
-70.40174284,315.2387089
-70.28283596,217.8008899
-90.38752587,305.8666368
-64.249572,252.0902559
-57.45053128,283.3148909
-31.40496657,311.4148894
-78.39302944,227.8529798
-82.67393458,275.0933437
-101.8495127,238.1969677
-65.28641442,265.0545697
-77.27577302,243.3380359
-87.82744816,237.9208017
-56.86111611,296.2363566
-141.6000302,236.8008494
-133.7530689,244.6690137
-93.99838523,220.140231
-121.7841409,232.9470653
-90.5382603,264.5587038
-121.0309621,267.1720227
-118.3962036,253.0832511
-54.40340344,300.7887799
-146.1995574,284.7855538
-85.46915704,224.7409595
-87.84022753,304.5987934
-148.6657651,230.1844882
-87.03859366,265.0799891
-103.5961109,266.3552456
-110.9842207,215.522791
-93.84279721,289.5610532
-134.6936058,252.302524
-176.2867831,268.1451048
-115.725424,249.9395834
-101.6818464,240.8481443
-120.9910765,219.3230493
-141.1439303,243.702318
-136.177342,236.8446312
-149.3708723,271.6869554
-161.0104366,197.6610187
-97.89130795,286.2325204
-191.6083229,264.3885593
-170.3814051,250.4883176
-148.9070636,234.4158817
-183.6780917,219.5744288
-190.0717264,214.1567621
-167.0114826,216.4377149
-146.9338607,281.3054006
-187.1852389,242.6261659
-157.1700454,248.3387277
-172.2474442,255.1724766
-162.412493,194.4542952
-153.1473052,256.8739816
-204.4505734,230.0435121
-163.3699134,221.2552235
-153.9858378,297.059325
-212.0475735,183.2996874
-181.6334806,244.9452528
-199.9411246,265.4431421
-235.4272684,241.1595348
-215.6855648,270.4597954
-139.9614295,194.365191
-218.4370787,241.6190262
-215.7639051,212.9157479
-205.5739231,155.1149036
-208.9220912,190.4207248
-225.4576448,252.809552
-250.5016125,232.2654854
-223.3030109,197.826098
-193.3357837,214.7509836
-202.0262983,231.9066291
-231.1664484,182.7868708
-255.8488147,174.6659169
-136.8729949,235.0243957
-267.9138488,156.2477011
-214.9455235,210.5586133
-214.9388126,184.6931666
-237.156551,200.3614836
-232.7873416,122.111577
-244.2127836,161.2962661
-234.0004119,274.52663
-230.1534049,173.6760505
-215.4278961,195.6584914
-232.3660252,197.4622722
-185.1421522,143.3921416
-234.4816259,147.5726979
-233.8597185,145.8323278
-264.8628448,162.5526302
-224.8661678,196.9551387
-293.2929611,169.0296411
-278.9714039,127.5906803
-265.9387443,154.0398153
-188.3524782,174.2159917
-304.1896143,142.2014681
-233.9079459,219.7002237
-313.7984024,98.53639141
-211.7403745,164.494831
-295.5493739,166.7028327
-350.1849902,148.608224
-262.8704631,174.0636799
-304.694963,146.7206004
-303.5941283,149.6118773
-304.2252783,127.4938649
-308.75292,157.0438274
-254.6184426,128.2304773
-280.6981823,89.5573909
-292.2886771,129.2419
-206.1072327,95.10898178
-242.217833,156.0809424
-279.1155459,176.6283977
-277.7422128,133.2267662
-291.8488761,155.9290536
-258.6900909,98.10964296
-332.4694199,108.4366831
-318.1798165,110.2548615
-258.3208868,96.06459205
-297.9727174,109.1361047
-272.4575881,37.58945391
-317.3124372,108.9244797
-264.2882917,85.40804831
-357.7446969,116.3251308
-321.6445728,59.60216222
-322.4276869,87.30468129
-322.931238,24.21184336
-278.9463459,126.1537607
-287.3598805,51.29612427
-313.9751851,82.74094016
-290.9691141,100.4875805
-331.9381934,80.38912101
-297.1520491,119.0871169
-290.6701177,96.55884792
-310.2026633,112.6673323
-301.3139487,41.97924613
-272.3722543,86.19942658
-328.6082755,48.32030929
-307.2403027,74.03594304
-311.0163619,66.90769786
-266.7108516,87.13571552
-312.7417681,80.64287426
-350.1645753,61.74886517
-265.6143908,40.67074345
-346.0039662,25.04429949
-353.9218956,18.45294384
-332.9826395,-2.788175096
-322.0098236,63.8245954
-350.2984718,79.70686421
-308.3058249,62.41266371
-343.9047683,54.49294806
-357.4441922,52.9218194
-320.0236964,40.16460504
-360.9156342,-5.936668538
-308.1760494,-10.19075724
-312.6179515,-25.41408333
-301.4662687,-24.03895448
-310.7159304,29.03890775
-348.5375649,25.06076708
-320.1466447,-11.23832463
-358.5180493,-56.6276927
-318.0493734,-47.37145648
-325.9319622,-11.01165381
-308.6473454,-14.85257291
-339.1103112,13.47996216
-319.3562777,-1.678165426
-315.4870092,-59.91821067
-306.9942596,1.833512926
-360.307151,-26.55355342
-331.0704581,-25.95749868
-319.9358614,18.32630159
-297.534913,-66.67381826
-311.3379003,9.867999586
-318.3836592,0.03665521128
-269.583547,-4.674011756
-322.4119816,-6.724750631
-325.4600221,-40.05176949
-340.240347,3.44295166
-354.1178969,-0.1779212833
-314.4120948,-90.8163411
-318.1973988,-114.5246363
-310.2563881,-27.65184758
-346.5629669,-53.18536179
-269.9141518,-74.74502779
-360.0286364,-17.80117598
-269.0822968,-64.8160609
-297.2905193,-27.3556926
-349.5594555,-84.82915481
-289.9852597,-22.3863166
-309.6277144,-101.9944815
-266.4810626,-94.18880982
-335.7019295,-70.6452917
-278.554064,-57.94778914
-312.2402102,-72.31573847
-322.8642916,-72.11300581
-399.5163899,-100.3934699
-315.8261284,-128.658769
-310.8886741,-102.8904168
-269.2031256,-52.18824372
-335.2070715,-106.5209324
-322.7933753,-118.1567504
-314.0428318,-129.9605824
-353.1073183,-91.12971695
-299.5749483,-136.5330296
-290.84891,-133.9367528
-309.3401727,-92.95811728
-317.145946,-106.4981718
-330.8098442,-128.5990958
-320.6491363,-147.6596788
-318.9100574,-174.2704324
-327.4520746,-138.8998228
-319.4907064,-140.1320707
-312.7233872,-121.0292017
-283.6774672,-157.4222111
-345.0289714,-171.6986982
-322.5465267,-153.4942191
-330.0054222,-184.3101943
-319.5419566,-142.4647109
-286.938014,-167.1015167
-316.0872598,-180.6413913
-303.5268763,-180.745021
-284.2542813,-211.3097822
-311.0795505,-151.1319016
-293.5963928,-81.79495898
-287.4165138,-195.1177718
-299.5519433,-220.6828126
-297.8620233,-194.7753234
-266.7169513,-188.646807
-296.3949815,-193.5928375
-239.4186273,-186.5172446
-235.2785452,-154.7974343
-274.4433752,-170.4899959
-275.7207191,-241.6999606
-294.509652,-160.8204401
-286.197941,-230.623688
-284.8705112,-139.624873
-244.4385707,-194.8752536
-251.8284978,-206.264305
-329.9946058,-225.2437198
-230.4782256,-207.9566825
-283.1329089,-210.9455105
-217.1539867,-155.3712181
-206.1416913,-211.106932
-262.2438234,-254.0062353
-225.1925591,-245.6973466
-261.3660629,-245.7254815
-283.8849079,-240.0519959
-282.7857026,-233.2206217
-279.3091532,-194.1446709
-294.2998566,-214.6109541
-222.8894582,-238.6901898
-279.221575,-232.2615664
-220.5296836,-221.5583889
-270.0770982,-214.8852058
-285.4106049,-210.9645423
-238.2668787,-242.6271773
-273.8481622,-261.9645594
-230.7939391,-200.4493796
-264.0880923,-225.5051533
-305.6927517,-258.7163867
-242.1096228,-270.3724436
-267.3519457,-265.0022466
-228.5530128,-252.4583297
-302.5110688,-312.3115928
-251.5988785,-236.7945003
-313.8304729,-267.3337457
-245.1889411,-212.490536
-238.9322721,-244.4317703
-221.1081134,-321.6010027
-200.2480824,-252.9663376
-205.9791377,-143.3668416
-281.6680764,-211.1201898
-225.6703661,-255.9295776
-216.2994903,-278.9459931
-229.9013935,-257.9840677
-256.179171,-246.9832169
-220.992791,-305.0146382
-219.8359614,-234.9906218
-220.2100382,-263.5244758
-223.8790529,-253.0937341
-179.1716579,-221.9066237
-202.7766586,-258.818814
-192.3270682,-241.4958227
-214.580105,-259.4951628
-196.5889574,-285.224023
-185.715418,-277.1638136
-189.6620505,-279.7017547
-136.5262415,-257.9711475
-155.4773525,-302.5715628
-205.899212,-261.5962398
-150.5985578,-247.4040476
-192.645521,-299.7784637
-221.3451236,-305.9527927
-139.8865264,-309.4388922
-148.1810288,-302.4031091
-155.2744231,-332.3412563
-160.0296854,-388.8455074
-165.7720065,-349.2048577
-121.553952,-278.1258952
-141.2920325,-256.9535144
-181.3079376,-251.2764292
-122.4130781,-311.8855566
-113.8389051,-339.0471371
-170.1621192,-325.163232
-158.8059109,-339.6271684
-103.7448738,-316.6985778
-127.3541053,-327.0235204
-190.0305462,-302.7687404
-190.2547966,-313.8643352
-171.4030092,-253.0991822
-100.4710018,-310.4342188
-87.35112808,-339.8628327
-106.400717,-309.3226419
-112.2197967,-277.9669641
-95.59367458,-308.2734199
-164.636044,-346.5109617
-116.0848248,-315.6596646
-143.7171654,-246.8385579
-61.72029865,-301.8300317
-102.4458603,-326.9412174
-130.5533549,-318.9084889
-91.64625927,-359.1202138
-86.73098767,-327.1361451
-151.3625732,-348.8773368
-103.9034121,-266.9989579
-72.16059751,-364.2341788
-71.63330569,-371.1052949
-51.08633682,-339.3126161
-83.72451239,-285.8738966
-116.8745899,-368.0064415
-93.10803066,-295.3627747
-118.5171272,-411.8761631
-83.8047455,-310.7327045
-31.59211758,-341.5292513
-77.26972927,-293.3428905
-118.343329,-339.917032
-53.85990996,-315.0623131
-72.18599347,-327.7590578
-128.8586127,-348.769081
-37.91857965,-358.6956986
-47.06762921,-316.0018435
-56.42542905,-324.4511237
-72.34142606,-335.8962584
-22.4623757,-325.0974683
-55.67334294,-323.1647474
-13.94700442,-391.4498987
2.079464404,-340.075557
-17.235302,-294.0825923
-68.45745337,-351.2711449
-33.27116274,-353.464266
30.12550213,-355.5944023
-35.89754259,-323.6749861
-52.60503668,-341.5683413
-4.327449139,-339.550849
-13.96444991,-345.2879819
-53.91026825,-319.5790812
46.85678422,-328.4695797
3.649716188,-308.0106055
-38.50728824,-277.463435
8.320941946,-279.3057018
-17.06405881,-273.4180549
30.85463489,-311.0432078
17.29071338,-334.7407871
48.95269472,-322.700699
-43.41204024,-360.0297341
12.68431032,-316.7929264
19.21777206,-289.0786724
-34.96598748,-320.8712385
-28.32498239,-301.8948064
26.02342982,-311.5814325
5.57875732,-285.2456396
65.38008642,-305.5594573
32.87076278,-305.0826551
18.17205844,-296.2007268
91.48022791,-289.1145876
22.71889206,-309.7324288
8.417873997,-302.721872
63.32915606,-375.2833484
17.55004152,-326.9550028
45.96362854,-353.9938809
69.23779954,-309.3909216
54.31232523,-338.8113141
94.1663121,-265.6547415
50.75548389,-332.8383609
82.5481134,-324.3477139
66.17164197,-290.5278676
15.60646467,-272.2562441
77.59286295,-323.2152555
75.25222969,-311.0400988
28.5013267,-264.0847989
84.17634858,-294.6403752
113.9731875,-337.540414
102.1116665,-313.8875645
115.7819483,-368.6057206
89.86761301,-321.7819448
108.2600505,-288.4823755
76.50501062,-322.8133317
96.84516068,-327.1899272
127.8454798,-310.1876443
17.78648735,-309.1551763
76.23910801,-345.6262904
72.66084256,-292.1617767
152.0198236,-284.7831253
96.33100058,-279.2148782
103.1072523,-312.422179
84.59110713,-342.8101207
109.8542791,-284.1637723
120.9710731,-300.0136459
97.8027974,-267.8957644
88.95403496,-261.4501881
100.6815279,-305.8714348
89.01157762,-296.8873866
164.5284682,-264.9031335
166.8624035,-263.2141818
106.6267952,-287.2885654
118.5443908,-235.9141424
108.2463262,-247.4671537
173.1241918,-217.8164923
136.2163611,-249.7428933
219.1135152,-288.0298422
106.7551982,-324.2696308
176.3154838,-322.7134093
145.877369,-251.4300491
164.6999543,-250.0977434
167.8958926,-222.7879984
134.7248075,-279.738087
142.1660443,-232.7782539
194.3935754,-242.3846802
204.9063154,-289.4818954
221.422051,-206.6446818
195.4615831,-197.0711307
125.6654355,-264.4240323
155.2596909,-225.1940794
147.7525322,-222.2440054
222.2939391,-222.2258541
191.5944718,-270.8140551
159.5633309,-201.7681873
210.2189293,-238.4893803
176.1533019,-296.138368
158.3995254,-176.0503505
153.9281733,-225.720933
224.3639885,-267.0491854
201.462754,-199.2441517
198.0589879,-139.293736
149.370255,-191.532443
195.9699207,-198.0695923
216.1003039,-241.1393741
211.4193365,-272.7839841
224.3163281,-205.989369
227.0291348,-181.0628559
220.5291871,-206.2212775
184.6805079,-229.8735817
248.3071369,-163.2455135
207.1347713,-202.7699032
188.6929583,-166.7676593
237.3273934,-141.500367
192.5287659,-208.8499772
227.3153538,-175.8744083
215.3752931,-219.2039661
249.7406035,-169.1139776
197.2428024,-147.8047085
261.2491115,-182.1462843
229.922574,-167.2480501
203.0542849,-180.6510459
165.6837502,-152.9283178
184.7393712,-131.7773667
222.9884012,-180.8761117
215.3466424,-180.801765
277.9999712,-244.4179014
274.9969775,-157.2547182
201.6998651,-197.2555057
289.4032191,-190.9511753
205.6901451,-126.0456855
251.604702,-185.8715548
249.0824504,-186.0647425
276.7219671,-120.9993131
260.749084,-139.5289932
298.6939755,-147.9169197
211.4493165,-131.942477
310.5118506,-173.3793644
238.0890628,-127.9439847
248.295834,-167.3983617
284.5261969,-65.81122556
257.6892576,-160.009196
206.2486464,-122.6142786
286.7231528,-113.556851
254.4012382,-142.940478
222.5520459,-97.66255852
283.5507177,-166.5122928
304.6302992,-100.346301
299.6974122,-155.2532534
217.4861112,-116.8726361
274.272391,-55.92022898
281.0759487,-114.4925586
229.7838721,-67.70694897
232.2917417,-53.14174444
253.3358571,-51.6613733
282.8463124,-100.8661449
247.4838953,-104.3555828
276.4790884,-89.18055125
246.3553894,-93.82613356
267.0434861,-150.0764172
278.92392,-112.9587052
231.047824,-131.5357571
212.276121,-118.923108
245.2435115,-17.00227674
251.1351048,-67.60424178
279.2993701,-66.33802416
265.3111066,-103.458783
311.487739,-10.71103174
217.781648,-92.97193578
260.1445645,-88.50876051
283.9712548,-78.73995874
333.9733107,-18.49233424
275.6040985,-20.71425313
302.5850313,-65.7555805
245.0785195,-43.80466113
295.5470037,-39.28763715
222.4967626,-64.85359411
267.6720536,-40.34737298
329.1279257,-76.96493641
285.1555921,11.98063571
338.1434924,-42.1319227
84.72095193,-10.8129473
75.77673496,-28.77779066
82.88193453,-99.6883306
90.11137063,-17.84687856
62.77794263,41.8587122
48.96344957,-29.55895632
128.6738324,-40.35353629
52.09614522,-17.73388803
93.45075954,-5.027793321
29.03599966,-25.17388781
49.13725729,-9.481544346
79.63362587,7.415161393
13.03590406,28.81021169
73.30901513,40.43914112
78.43160145,33.94138817
78.43399637,43.27343736
79.39571803,1.919747339
131.1506902,33.48356894
79.39864779,-29.53757385
22.70531724,19.45512877
64.84834118,-5.845747794
63.80065701,62.12232576
79.48243216,-17.90065178
54.28540319,-5.973627015
44.97154289,7.591530031
41.20705854,-15.85136022
50.6031521,6.764450392
-34.59133663,86.92831566
84.77801054,15.78233502
51.46627093,-6.37110519
100.5246781,87.37857233
53.07015758,62.82069735
52.30992765,-6.359364191
33.3448045,39.2998994
30.67805099,30.35346231
40.15487602,36.02835566
43.01502268,8.148182059
18.45584958,2.909739992
67.78917708,-20.27254551
71.52077094,85.90496447
26.27664279,-32.39460707
22.90308212,45.12579944
1.79683143,32.91279392
76.36576745,69.60080667
1.041601798,2.97372435
17.26083724,45.71121753
40.22513055,37.23262269
38.92766676,112.4874138
46.26773161,54.0937708
14.50548587,45.90234635
53.59459478,38.81126463
17.68628478,60.15629498
-0.5900078659,18.39720959
22.26716427,58.65258609
25.68087839,45.34653657
45.37619761,35.88310172
58.17366379,10.54855329
17.90030667,77.99111942
-20.98004736,77.16945516
39.28725953,-1.398913551
13.98552392,-9.066174857
-32.07796204,115.1912476
-22.58447229,31.64191718
-13.10304486,129.3950804
-64.15929833,36.27546272
33.66108195,123.9597954
-16.42606206,31.42802263
47.48360791,116.760505
2.901732989,44.83939966
-21.0180339,64.64138711
-11.70667653,113.1793291
2.661563187,37.48139053
15.48245887,79.30624721
-7.293784136,113.9742941
-63.34740749,68.92523264
-48.03787853,22.94228559
-23.78626604,145.2589796
-91.48138429,68.83425451
-19.15149628,73.34163197
-43.8466879,30.47569863
-35.54972107,46.50855082
-110.305954,104.7649999
-17.92530008,70.14943301
-41.86589081,100.4582655
-44.06097938,94.93528672
-61.75955304,106.7174024
-45.24541694,72.67987442
-94.99381472,74.92493231
-83.86182722,46.58346796
-85.36296829,33.11860367
0.8564774167,104.3778089
-7.246179668,27.04134836
-64.67484277,24.17241983
-89.62240496,34.64250566
-33.48614411,49.46765542
-40.52654915,78.60633193
-5.354355355,15.18784933
-38.55260632,93.01358404
-107.3767326,87.8446681
-69.91565111,49.77825258
-106.5207655,33.96314247
-22.08831662,54.45327712
-61.87525488,29.56514262
-110.4669452,84.57446519
-129.2658116,38.4452864
-89.43908915,52.99416986
-97.48757658,60.24393917
-72.9567263,69.09045064
-124.9161747,37.17485263
-61.07017478,71.15389817
-139.6404941,53.44125975
-159.3130915,42.85531503
-44.51425746,11.52955253
-127.9265541,61.37560404
-150.598528,17.93040974
-87.80627144,16.31348497
-114.1304239,56.06797028
-95.72296323,40.11932992
-119.8266602,41.56174494
-114.6136798,42.51269353
-127.0228817,21.59428754
-142.9908578,24.28892662
-138.7628185,-9.838714007
-107.7765916,28.18489421
-93.11632833,7.066232913
-105.3890826,34.69929458
-105.2771437,-8.440006972
-115.0902716,25.3877268
-120.2673512,-50.01640059
-116.539857,77.04959549
-132.9874932,-13.09075429
-111.7771918,16.18380158
-87.94614399,-32.87883995
-102.4962294,20.59932651
-129.3700477,11.06231898
-94.84822531,25.0726411
-160.606836,21.49672766
-128.7989743,-2.944788343
-125.1619806,-11.67220265
-92.06353516,-11.72036971
-161.8151089,-23.06776422
-123.2387622,23.5533182
-110.8343927,-40.90775551
-54.65577263,-9.523417314
-91.1904674,-24.09858668
-113.6485086,3.551839469
-93.25683149,8.000101114
-103.746373,-35.26503656
-147.1304496,-17.9275327
-102.0061578,-36.68162102
-98.02290938,11.48426038
-157.4019106,-59.29518649
-134.0139246,-27.05067191
-145.3862963,2.198296033
-116.7301837,-39.26943488
-172.2887558,-82.00779785
-120.4969558,-108.5861716
-98.22048142,-51.42149
-30.93593599,20.49935606
-133.2582322,-53.98127916
-97.49044487,-1.739908714
-175.9991878,-108.4602527
-144.9773008,-39.40985457
-110.825742,-26.81003604
-161.0965775,-130.3860153
-98.69721116,-87.73255286
-184.2828349,-60.50529235
-99.18237794,-70.47416923
-135.9217667,-73.53242561
-132.4720286,-111.1150777
-141.9231256,-56.93953201
-109.9208198,-69.42172374
-148.4748124,-81.77469838
-182.9426194,-72.82106749
-73.73680914,-124.223964
-133.1142562,-71.92949758
-76.84751352,-97.02941799
-134.0596339,-144.4068492
-109.011777,-25.80907556
-102.5809456,-89.4468946
-99.99052248,-90.7926716
-132.7597769,-67.41638056
-100.2784786,-93.21400142
-134.9604864,-56.23682244
-84.37340019,-113.5006858
-72.84211713,-113.3818357
-124.9073727,-122.7574276
-153.0983906,-87.30099655
-153.3890569,-139.7501777
-159.1807009,-106.8965733
-99.85167421,-115.500392
-125.0197298,-142.2183369
-78.18368212,-124.8859037
-80.96916184,-136.2104524
-83.34664295,-71.80335832
-69.48638276,-124.4873355
-77.62318581,-120.5120793
-83.34627396,-124.2011241
-86.73275711,-109.1736254
-109.800761,-147.0789052
-119.831644,-165.6388011
-112.8480843,-113.8364827
-101.2471434,-104.1627421
-71.53651669,-179.5378316
-51.02439678,-97.0305864
-98.56743889,-109.5805689
-92.50740239,-120.0475373
-102.7921569,-177.5213925
-74.37118036,-128.1495054
-72.83209025,-160.6265684
-70.90015156,-117.6531072
-58.23877297,-120.8412258
-74.97244473,-91.70677867
-88.12028711,-112.7310814
-15.33443629,-113.3875173
-54.81385827,-144.0776365
-15.59424514,-171.2888515
-73.71203067,-140.8539663
-5.403710631,-117.8184411
-69.49421908,-138.7614207
-56.79747866,-150.9429557
-6.912365196,-170.9549667
14.0758603,-105.0653923
0.6316081298,-143.8662537
-34.49822157,-172.9945544
-43.64563022,-115.1684229
13.06945723,-163.1269875
-34.68612616,-134.3416494
-63.50589173,-111.9088087
-41.26686363,-135.3139001
-31.0251578,-152.8916253
-15.60304671,-135.3955207
-24.4788618,-150.4534524
-1.676128418,-78.62020702
-5.012213933,-97.93121363
-48.87157074,-122.6250471
-38.05206085,-171.1660639
-25.28916016,-90.55927665
27.40365455,-118.4418081
-45.07931736,-130.9940712
11.93766494,-119.1715501
-50.45660277,-150.4377344
4.890122344,-106.8889213
-57.13227599,-127.0500344
14.9651274,-95.86618611
33.36365668,-103.0055657
-9.534697283,-176.8112401
4.5380208,-88.57140317
59.97900324,-96.31419494
32.88022468,-105.2133509
5.119138534,-119.4382348
73.65476527,-142.7095327
73.78251865,-122.9529687
66.83432004,-154.3193712
46.35565126,-133.0048035
-11.99810427,-103.0969705
62.39893169,-133.7175889
-11.22807984,-109.8066672
32.71900054,-89.24991674
65.40089778,-106.096938
94.11981004,-96.16982041
29.57353887,-149.7942887
33.56748235,-110.0579424
71.70600663,-84.58020187
8.933408899,-91.74542904
65.84544072,-49.50111962
73.6764433,-70.91699935
50.17192557,-80.46541787
87.13813882,-130.4432334
40.41851962,-111.9555877
63.48951448,-50.1646915
35.38289547,-157.0482859
42.0661702,-56.17846754
71.6653231,-68.9571135
48.20274132,-118.3709221
73.08949765,-103.2038217
124.1432599,-59.21438726
42.15172695,-92.80507534
57.69437905,-79.76298682
94.85955903,-65.08117922
40.23736299,-12.03833809
64.45689853,-43.74726499
45.48140373,-53.9637359
73.77093676,-119.5761434
125.5639049,-22.18236561
53.81609027,-91.97127191
76.74310509,-54.29105108
77.52838457,-49.12166683
82.54511997,-9.415916029
84.85785623,-82.28083405
109.1056107,0.4803054461
163.1613057,-80.38169567
76.21369369,-107.071264
85.80594482,-58.9793323
127.1555634,-63.69129543
18.97379479,-52.50569655
10.53803971,-13.74606832
7.959791622,-33.33383794
7.643713752,-41.70317612
119.3013447,-19.18056326
319,-335
543,111
-531,-544
-562,200
441,131
224,155
-249,-318
-491,416
-57,-576
242,190
137,-544
-421,-369
-258,-124
-25,-146
-312,-343
-71,86
328,-372
-5,-166
281,420
-199,21
-513,-17
-292,305
-258,-165
-424,-462
-407,587
584,342
-76,465
314,-391
140,261
353,232
-461,191
-55,416
-544,-489
-596,436
-511,15
290,97
297,370
531,67
-7,-12
-116,381
371,38
396,-319
385,511
-585,574
335,-347
-272,-57
182,396
244,592
-235,54
159,38
463,323
-185,-346
566,109
-24,299
-590,-575
356,-180
-105,-364
408,-382
-140,62
34,567
389,-412
-346,-533
15,-265
70,220
273,-301
-244,-345
407,-248
-77,349
155,-317
-502,-404
-119,277
14,17
-233,-31
-11,498
465,-179
235,-56
-530,528
524,167
-294,-224
54,77
-202,-380
-419,-294
-79,413
-597,262
247,203
-386,371
-500,362
-28,57
338,486
-375,-496
171,-172
-167,451
81,-13
492,265
145,590
263,-233
-350,258
255,593
513,-40
-307,318
573,555
-168,-542
368,235
-402,-386
297,-129
-354,-219
390,326
591,-41
474,88
-221,-127
503,96
310,359
-123,403
325,106
253,537
416,153
-98,216
-13,107
467,507
-394,-450
67,-73
-436,316
568,409
-564,-268
-198,-187
-556,-395
-539,-181
267,219
-582,-236
430,-173
540,-21
-55,-276
-546,177
391,-559
-370,-148
-207,551
90,-209
3,280
501,-516
453,-552
568,-532
481,96
-122,219
594,-454
415,8
-155,-380
-506,-339
296,494
-382,-509
-474,-521
382,315
-115,93
-576,-445
31,480
-582,-364
-324,144
-49,576
38,-364
397,-546
83,-492
-228,372
-400,248
-92,-326
-390,-97
541,102
-559,-286
187,-272
440,-318
342,-343
-26,-27
11,442
236,-178
157,162
504,-177
-172,-397
-405,127
-316,-405
-294,-587
569,480
122,179
-72,197
-257,-392
40,-349
-330,319
-182,194
499,124
-168,-492
40,470
-222,519
357,-498
291,253
569,450
-71,78
388,505
-173,221
585,331
461,-90
-208,112
-107,-54
-7,-212
-443,427
-434,359
-192,-407
-366,117
573,582
215,-197
292,77
-533,-513
-384,-600
558,-461
17,-468
-423,209
-221,307
57,-151
-15,-138
389,531
-479,-584
-274,-283
208,-98
-482,109
-556,-287
-183,-45
501,-275
-86,-387
-527,-92
-269,516
87,56
427,561
-1,475
-276,391
116,122
-324,-65
-449,354
-342,-277
416,268
591,87
-291,202
479,19
-128,-140
213,245
564,66
-339,-246
169,-421
-535,219
-430,-127
-67,530
-162,234
-374,-159
-205,127
-517,436
92,-108
543,369
-248,480
-561,39
-428,-342
-84,129
-78,238
-484,-417
539,-439
-58,238
489,493
-154,-185
-69,-160
137,-137
-205,110
-206,-275
514,149
493,589
41,-387
-232,-552
475,-468
398,185
589,-228
-122,231
49,81
87,-519
-514,-376
-585,221
-438,-87
-251,80
515,-420
142,59
-108,322
-473,-36
-51,-148
-130,387
137,-377
-447,-41
-250,570
-252,-419
36,417
-422,462
171,293
426,415
-537,-572
-229,-504
392,-580
134,525
469,-535
2,587